{"_runtime":2476,"_timestamp":1.776442092197362e+09,"_step":44,"epoch":44,"loss":3.3330038615635464,"_wandb":{"runtime":2476}}