{"_runtime":1064,"loss":710.921088803199,"_timestamp":1.776438251168352e+09,"_step":17,"epoch":17,"_wandb":{"runtime":1064}}