{"_step":26,"epoch":26,"_runtime":850,"_wandb":{"runtime":850},"loss":7938.33984375,"_timestamp":1.7764392028546517e+09}