{"epoch":2,"_wandb":{"runtime":122},"_runtime":122,"loss":7.494225121646947,"_timestamp":1.7765103002562923e+09,"_step":2}