{"_step":2,"epoch":2,"loss":45882.620396767896,"_wandb":{"runtime":246},"_runtime":246,"_timestamp":1.7764353703198156e+09}