{"_step":2,"epoch":2,"loss":45882.89474782636,"_timestamp":1.7764360614464498e+09,"_wandb":{"runtime":230},"_runtime":230}