{"_wandb":{"runtime":107},"_timestamp":1.77650355964886e+09,"_step":0,"epoch":0,"loss":6.049220930258891,"_runtime":107}