{"_runtime":493,"loss":45803.36804199219,"_timestamp":1.776436577478254e+09,"_step":7,"epoch":7,"_wandb":{"runtime":493}}