{"loss":45932.13735666583,"_timestamp":1.7764358463766365e+09,"_step":0,"_wandb":{"runtime":78},"_runtime":78,"epoch":0}