{"_runtime":788,"_step":13,"epoch":13,"loss":46103.07300198463,"_timestamp":1.776434250938414e+09,"_wandb":{"runtime":788}}