{"loss":8.928400793740916,"_timestamp":1.7765181656371007e+09,"_step":499,"epoch":499,"_wandb":{"runtime":7809},"_runtime":7809}