{"loss":7.504625706314352,"_wandb":{"runtime":6426},"_runtime":6426,"_timestamp":1.7765100545441537e+09,"_step":256,"epoch":256}