{"_runtime":138,"epoch":1,"loss":45927.0370188067,"_timestamp":1.776435140087745e+09,"_step":1,"_wandb":{"runtime":138}}